{
  "project_info": {
    "project_number": "149008132853",
    "project_id": "studybuddy-9c413",
    "storage_bucket": "studybuddy-9c413.firebasestorage.app"
  },
  "client": [
    {
      "client_info": {
        "mobilesdk_app_id": "1:149008132853:android:adb7e9559751edea4833bc",
        "android_client_info": {
          "package_name": "com.example.studdybuddy"
        }
      },
      "oauth_client": [],
      "api_key": [
        {
          "current_key": "AIzaSyCvtiLNpnMGfjkLYLOg7a56SGz1dNJW7NI"
        }
      ],
      "services": {
        "appinvite_service": {
          "other_platform_oauth_client": []
        }
      }
    },
    {
      "client_info": {
        "mobilesdk_app_id": "1:149008132853:android:7d6669636257eaed4833bc",
        "android_client_info": {
          "package_name": "com.example.study_buddy"
        }
      },
      "oauth_client": [],
      "api_key": [
        {
          "current_key": "AIzaSyCvtiLNpnMGfjkLYLOg7a56SGz1dNJW7NI"
        }
      ],
      "services": {
        "appinvite_service": {
          "other_platform_oauth_client": []
        }
      }
    }
  ],
  "configuration_version": "1"
}