{"flutter":{"platforms":{"android":{"default":{"projectId":"studybuddy-9c413","appId":"1:149008132853:android:7d6669636257eaed4833bc","fileOutput":"android/app/google-services.json"}},"dart":{"lib/firebase_options.dart":{"projectId":"studybuddy-9c413","configurations":{"android":"1:149008132853:android:7d6669636257eaed4833bc","ios":"1:149008132853:ios:46da7978be5453fa4833bc","macos":"1:149008132853:ios:46da7978be5453fa4833bc","web":"1:149008132853:web:f0bb1602395fbb614833bc","windows":"1:149008132853:web:f4b3eea37a74e54d4833bc"}}}}}}